Factory,Predicted_Lead_Time,Improvement_%
Wicked Choccy's,1384.28,0.0007223919843543099
The Other Factory,1384.288,0.00014447839688071717
Sugar Shack,1384.2900000000002,0.0
Lot's O' Nuts,1385.759,-0.10611938249931903
Secret Factory,1385.759,-0.10611938249931903
